Ομάδα,Μονοθέσιο,Φιλοσοφία Πατώματος / Βασικά Χαρακτηριστικά 2025
Red Bull Racing,RB21,"Εξέλιξη της κυρίαρχης φιλοσοφίας ground-effect. Έμφαση στη διαχείριση της ροής αέρα από την μπροστινή ανάρτηση προς τις εισόδους των τούνελ Venturi. Αναμένονται περίπλοκες άκρες πατώματος και γεννήτριες στροβιλισμών για τη διατήρηση της αεροδυναμικής σφράγισης."
Scuderia Ferrari,SF-25,"Στόχος η επιστροφή στην κορυφή με σημαντικές αναβαθμίσεις. Το πάτωμα αποτελεί κρίσιμο μέρος των αναβαθμίσεων στα μέσα της σεζόν στοχεύοντας σε ευρύτερο λειτουργικό παράθυρο και μειωμένη ευαισθησία στις αλλαγές ύψους."
Mercedes-AMG Petronas,W16,"Σχεδιασμένο για να διορθώσει τις βασικές αδυναμίες του W15. Αναμένονται σημαντικές αλλαγές στο πάτωμα για τη δημιουργία μιας πιο σταθερής αεροδυναμικής πλατφόρμας και την εξάλειψη της ""νευρικής"" συμπεριφοράς."
McLaren F1 Team,MCL39,"Εξέλιξη του επιτυχημένου MCL38 με στόχο τη βελτίωση στις αργές στροφές. Το πάτωμα θα έχει βελτιώσεις στις άκρες και στον διαχύτη σε συνέργεια με τις αλλαγές στη γεωμετρία της ανάρτησης."
Aston Martin F1 Team,AMR25,"Μεγάλο ποσοστό αλλαγών στις αεροδυναμικές επιφάνειες. Το πάτωμα είναι ένας από τους βασικούς τομείς τροποποίησης σε συνδυασμό με τη νέα μπροστινή πτέρυγα και τα sidepods για τη βελτίωση της συνολικής ροής αέρα."
Alpine F1 Team,A525,"Προγραμματισμένες αναβαθμίσεις σε πάτωμα κάθετα πτερύγια (fences) άκρες πατώματος και διαχύτη. Υιοθέτηση μιας πιο ""επιθετικής"" σχεδιαστικής προσέγγισης για την ανάκτηση της απόδοσης."
Williams Racing,FW47,"Εξέλιξη του FW46. Αλλαγές στο σχήμα και τις άκρες του πατώματος για να λειτουργούν αρμονικά με τη μετάβαση σε πίσω ανάρτηση τύπου pushrod η οποία αλλάζει τη ροή αέρα προς τον διαχύτη."
Haas F1 Team,VF-25,"Εξέλιξη του VF-24 με έμφαση στην αεροδυναμική απόδοση. Το σχέδιο του πατώματος πιθανότατα θα ακολουθεί τις τάσεις των κορυφαίων ομάδων για καλύτερη σφράγιση και πιο σταθερή κάθετη δύναμη."
Kick Sauber F1 Team,C45,"Επανασχεδιασμένο αεροδυναμικό πακέτο. Η νέα αρχιτεκτονική της ανάρτησης θα έχει σημαντικό αντίκτυπο στον σχεδιασμό του πατώματος και των εισόδων των τούνελ Venturi για το 2025."
Visa Cash App RB,VCARB 02,"Αναμένεται να συνεχίσει τη σχεδιαστική συνέργεια με τη Red Bull υιοθετώντας δοκιμασμένες λύσεις στο πάτωμα και τα sidepods για τη μεγιστοποίηση της απόδοσης εντός των κανονισμών."